{
    "episode_index": {
        "min": [
            0
        ],
        "max": [
            1
        ],
        "mean": [
            0.5199449793672627
        ],
        "std": [
            0.4996020394254206
        ],
        "count": [
            727
        ],
        "q01": [
            0.5199449793672631
        ],
        "q10": [
            0.5199449793672668
        ],
        "q50": [
            0.5199449793672828
        ],
        "q90": [
            0.5199449793672987
        ],
        "q99": [
            0.5199449793673023
        ]
    },
    "task_index": {
        "min": [
            0
        ],
        "max": [
            0
        ],
        "mean": [
            0.0
        ],
        "std": [
            0.0
        ],
        "count": [
            727
        ],
        "q01": [
            3.9999999999994176e-16
        ],
        "q10": [
            3.999999999999417e-15
        ],
        "q50": [
            1.9999999999997088e-14
        ],
        "q90": [
            3.599999999999476e-14
        ],
        "q99": [
            3.9599999999994235e-14
        ]
    },
    "observation.images.wrist_rgb": {
        "min": [
            [
                [
                    0.0
                ]
            ],
            [
                [
                    0.054901960784313725
                ]
            ],
            [
                [
                    0.0
                ]
            ]
        ],
        "max": [
            [
                [
                    1.0
                ]
            ],
            [
                [
                    1.0
                ]
            ],
            [
                [
                    1.0
                ]
            ]
        ],
        "mean": [
            [
                [
                    0.40366471303104573
                ]
            ],
            [
                [
                    0.4496796823937909
                ]
            ],
            [
                [
                    0.4252881689133987
                ]
            ]
        ],
        "std": [
            [
                [
                    0.002975282883986907
                ]
            ],
            [
                [
                    2.0761846405426e-06
                ]
            ],
            [
                [
                    0.006991722834967323
                ]
            ]
        ],
        "count": [
            200
        ],
        "q01": [
            [
                [
                    0.09213974766254736
                ]
            ],
            [
                [
                    0.13725273203030913
                ]
            ],
            [
                [
                    0.11955873070469358
                ]
            ]
        ],
        "q10": [
            [
                [
                    0.19993838020326116
                ]
            ],
            [
                [
                    0.27447185763791915
                ]
            ],
            [
                [
                    0.2646661047301957
                ]
            ]
        ],
        "q50": [
            [
                [
                    0.3823881459704957
                ]
            ],
            [
                [
                    0.4176867294530432
                ]
            ],
            [
                [
                    0.4157333121566954
                ]
            ]
        ],
        "q90": [
            [
                [
                    0.6862493056562916
                ]
            ],
            [
                [
                    0.735303868622567
                ]
            ],
            [
                [
                    0.5921862808765984
                ]
            ]
        ],
        "q99": [
            [
                [
                    0.9824247135251457
                ]
            ],
            [
                [
                    0.9019794541387479
                ]
            ],
            [
                [
                    0.8430595958649306
                ]
            ]
        ]
    },
    "action": {
        "min": [
            -0.4120796024799347,
            0.005390196107327938,
            -0.7938764691352844,
            -0.14656448364257812,
            -0.06546733528375626,
            -0.08674900978803635,
            0.04569999873638153
        ],
        "max": [
            0.040208421647548676,
            1.7700949907302856,
            -0.0035585761070251465,
            0.0053204200230538845,
            0.3374018371105194,
            0.16449691355228424,
            0.09950000047683716
        ],
        "mean": [
            -0.13090196352303438,
            1.105899172439208,
            -0.52686049472515,
            -0.0865089015873787,
            0.15049274553745945,
            0.013942948876889077,
            0.08215017193490243
        ],
        "std": [
            0.19557336273535417,
            0.7080244146031136,
            0.31992306034536055,
            0.04894076306956346,
            0.11680935087610225,
            0.0633180848578201,
            0.024123441026424785
        ],
        "count": [
            727
        ],
        "q01": [
            -0.41162740889080945,
            0.005792151975152089,
            -0.7548532511377924,
            -0.12016101056476734,
            -0.01989349371794922,
            -0.060972297228514084,
            0.045907978311775476
        ],
        "q10": [
            -0.41162740889080945,
            0.005792151975152089,
            -0.7548532511377924,
            -0.11031408423580936,
            -0.01986488181336533,
            -0.03972195408203251,
            0.04651530523858503
        ],
        "q50": [
            0.010199316696582831,
            1.500022137393047,
            -0.7506635792109019,
            -0.09889853848272276,
            0.12040546059485477,
            0.002869481295142246,
            0.09949156004811766
        ],
        "q90": [
            0.030771411525244242,
            1.7505712491924776,
            -0.0038097805340524924,
            -0.04518708949898132,
            0.32543802702201735,
            0.09458189383773369,
            0.09949831239109326
        ],
        "q99": [
            0.03863104031462106,
            1.7508534932151614,
            -0.0037419666978322323,
            -0.006444982399945407,
            0.33552204007623615,
            0.1223690035017234,
            0.09949983166826276
        ]
    },
    "observation.state": {
        "min": [
            -0.4120796024799347,
            0.005390196107327938,
            -0.7938764691352844,
            -0.14656448364257812,
            -0.06546733528375626,
            -0.08674900978803635,
            0.04569999873638153
        ],
        "max": [
            0.040208421647548676,
            1.7700949907302856,
            -0.0035585761070251465,
            0.0053204200230538845,
            0.3374018371105194,
            0.16449691355228424,
            0.09950000047683716
        ],
        "mean": [
            -0.1310558558084286,
            1.1059003691233829,
            -0.5268610310849658,
            -0.0864105945276263,
            0.15050398204808713,
            0.013951084429226518,
            0.08215017193490243
        ],
        "std": [
            0.19548670481864544,
            0.708022529714911,
            0.31992219046665415,
            0.04904632040690201,
            0.11682635047406234,
            0.06332283517670029,
            0.024123441026424785
        ],
        "count": [
            727
        ],