{
    "episode_index": {
        "min": [
            0
        ],
        "max": [
            27
        ],
        "mean": [
            13.334489736918185
        ],
        "std": [
            8.05879657205477
        ],
        "count": [
            3459
        ],
        "q01": [
            13.334489736918185
        ],
        "q10": [
            13.334489736918188
        ],
        "q50": [
            13.334489736918202
        ],
        "q90": [
            13.334489736918222
        ],
        "q99": [
            13.334489736918224
        ]
    },
    "action": {
        "min": [
            -0.27744680643081665,
            -0.0022677199449390173,
            -1.0492217540740967,
            -0.1450643092393875,
            -0.42577314376831055,
            -0.6210936307907104,
            0.0
        ],
        "max": [
            0.0423714742064476,
            1.6961324214935303,
            -0.0015525160124525428,
            0.6402645707130432,
            0.3459145128726959,
            0.17302703857421875,
            0.09950000047683716
        ],
        "mean": [
            -0.1114858323570861,
            1.0404283242888723,
            -0.6487188675338805,
            -0.016686637550438276,
            -0.06960466535154534,
            0.005222195733567993,
            0.09831854252370321
        ],
        "std": [
            0.0920997584495044,
            0.6108394487974083,
            0.3753764775914039,
            0.09712031888561952,
            0.2035823061842436,
            0.11275339362866235,
            0.00932265947241706
        ],
        "count": [
            3459
        ],
        "q01": [
            -0.18128450728735607,
            0.007045077995369231,
            -0.9189549615316894,
            -0.04880629795140975,
            -0.22810909930444978,
            -0.0331316061272206,
            0.07222112633163003
        ],
        "q10": [
            -0.18128297504444482,
            0.0437577641237193,
            -0.9189523914507597,
            -0.04765100147903409,
            -0.22317866182593082,
            -0.029196797929881238,
            0.09936211597777671
        ],
        "q50": [
            -0.16740207074116006,
            1.3148551862111317,
            -0.8983171658298268,
            -0.006888018955791384,
            -0.16257740234396345,
            0.0006463299332153321,
            0.09946591094398864
        ],
        "q90": [
            0.016496834171418263,
            1.5934000927720708,
            -0.02498863893687508,
            0.0029067997725526636,
            0.23357115300181946,
            0.0416393114992406,
            0.0994685552870989
        ],
        "q99": [
            0.01652426646541014,
            1.5935232001687638,
            -0.0033027603878291894,
            0.00850339356774854,
            0.3303317274642257,
            0.04764687260702126,
            0.09946915026429869
        ]
    },
    "timestamp": {
        "min": [
            0.0
        ],
        "max": [
            4.966666666666667
        ],
        "mean": [
            2.0642382191384794
        ],
        "std": [
            1.2274762853931473
        ],
        "count": [
            3459
        ],
        "q01": [
            0.03320484542538016
        ],
        "q10": [
            0.3971013297833641
        ],
        "q50": [
            2.058988326105567
        ],
        "q90": [
            3.729953599386859
        ],
        "q99": [
            4.095271592851581
        ]
    },
    "observation.images.wrist_rgb": {
        "min": [
            [
                [
                    0.0
                ]
            ],
            [
                [
                    0.011764705882352941
                ]
            ],
            [
                [
                    0.0
                ]
            ]
        ],
        "max": [
            [
                [
                    1.0
                ]
            ],
            [
                [
                    1.0
                ]
            ],
            [
                [
                    1.0
                ]
            ]
        ],
        "mean": [
            [
                [
                    0.3807589859068628
                ]
            ],
            [
                [
                    0.4130104092261904
                ]
            ],
            [
                [
                    0.39214152223389365
                ]
            ]
        ],
        "std": [
            [
                [
                    0.011719874600181679
                ]
            ],
            [
                [
                    0.008373769691922644
                ]
            ],
            [
                [
                    0.008873212965566727
                ]
            ]
        ],
        "count": [
            2800
        ],
        "q01": [
            [
                [
                    0.09453286908065628
                ]
            ],
            [
                [
                    0.12071760619321834
                ]
            ],
            [
                [
                    0.1093856457759995
                ]
            ]
        ],
        "q10": [
            [
                [
                    0.16077922738686312
                ]
            ],
            [
                [
                    0.19146885615348033
                ]
            ],
            [
                [
                    0.18656908471793343
                ]
            ]
        ],
        "q50": [
            [
                [
                    0.33013287323590224
                ]
            ],
            [
                [
                    0.3603759185026655
                ]
            ],
            [
                [
                    0.35545487857714275
                ]
            ]
        ],
        "q90": [
            [
                [
                    0.7015404077271317
                ]
            ],
            [
                [
                    0.7399201459701898
                ]
            ],
            [
                [
                    0.6485805955832485
                ]
            ]
        ],
        "q99": [
            [
                [
                    0.9937019201587949
                ]
            ],
            [
                [
                    0.9999288098569378
                ]
            ],
            [
                [
                    0.97996038506749
                ]
            ]
        ]
    },
    "task_index": {
        "min": [
            0
        ],
        "max": [
            0
        ],
        "mean": [
            0.0
        ],
        "std": [
            0.0
        ],
        "count": [
            3459
        ],
        "q01": [
            3.9999999999994176e-16
        ],
        "q10": [
            3.999999999999417e-15
        ],
        "q50": [
            1.9999999999997084e-14
        ],
        "q90": [
            3.5999999999994754e-14
        ],
        "q99": [
            3.9599999999994235e-14
        ]
    },
    "frame_index": {
        "min": [
            0
        ],
        "max": [
            149
        ],
        "mean": [
            61.92714657415438
        ],
        "std": [
            36.824288561794425
        ],
        "count": [
            3459
        ],
        "q01": [
            0.9961453656142596
        ],
        "q10": [
            11.913039895842914
        ],
        "q50": [
            61.769437930037334
        ],
        "q90": [
            111.89860797926544
        ],
        "q99": [
            122.85814778269447
        ]
    },