{
    "observation.state": {
        "min": [
            -0.6509926319122314,
            0.005250643938779831,
            -1.3196909427642822,
            -0.35357242822647095,
            -0.01671135239303112,
            -0.4619694650173187,
            0.033799998462200165
        ],
        "max": [
            0.3693941533565521,
            2.119358777999878,
            -0.0026514879427850246,
            0.15041960775852203,
            0.795742928981781,
            0.367440402507782,
            0.09950000047683716
        ],
        "mean": [
            -0.10340974733883392,
            1.240864803428827,
            -0.7210951493939095,
            -0.02380709968667139,
            0.37841007730861553,
            -0.09450563261627903,
            0.08144493460170203
        ],
        "std": [
            0.29569367582528355,
            0.6694195088643036,
            0.42016015668759027,
            0.05469913887932811,
            0.16477922332304096,
            0.09930491746399722,
            0.027854701019232923
        ],
        "count": [
            9893
        ],
        "q01": [
            -0.4432821469282605,
            0.007169861923334847,
            -1.08062034888022,
            -0.07866018487760255,
            0.17612251339530305,
            -0.18028567202778603,
            0.03607342279676502
        ],
        "q10": [
            -0.4411322395549156,
            0.007283866353992101,
            -1.0804004754042147,
            -0.0747947378157254,
            0.20773449798705942,
            -0.17852180987512548,
            0.036073713474511965
        ],
        "q50": [
            -0.05135980405130972,
            1.539720551199201,
            -0.8961983057469134,
            -0.019314576142735494,
            0.3533211576860927,
            -0.11209272759742214,
            0.0993634231873602
        ],
        "q90": [
            0.2729579447914011,
            1.9750629699509,
            -0.003630988056927213,
            0.01669449996861102,
            0.6035948496500418,
            0.008068454923443328,
            0.09941417295647598
        ],
        "q99": [
            0.2765109887694246,
            1.9935845841708335,
            -0.00350027183422655,
            0.021347942844320008,
            0.6083531268661694,
            0.01398161846790012,
            0.09941631510738581
        ]
    },
    "task_index": {
        "min": [
            0
        ],
        "max": [
            3
        ],
        "mean": [
            1.4911553623774385
        ],
        "std": [
            1.12453483736413
        ],
        "count": [
            9893
        ],
        "q01": [
            1.4911553623774387
        ],
        "q10": [
            1.4911553623774416
        ],
        "q50": [
            1.4911553623774592
        ],
        "q90": [
            1.4911553623774745
        ],
        "q99": [
            1.491155362377478
        ]
    },
    "index": {
        "min": [
            0
        ],
        "max": [
            9892
        ],
        "mean": [
            4946.0
        ],
        "std": [
            2855.863091956615
        ],
        "count": [
            9893
        ],
        "q01": [
            4869.979676276056
        ],
        "q10": [
            4883.929098028831
        ],
        "q50": [
            4945.785727322349
        ],
        "q90": [
            5008.041080885555
        ],
        "q99": [
            5022.020323723945
        ]
    },
    "observation.images.global_rgb": {
        "min": [
            [
                [
                    0.0
                ]
            ],
            [
                [
                    0.0
                ]
            ],
            [
                [
                    0.0
                ]
            ]
        ],
        "max": [
            [
                [
                    1.0
                ]
            ],
            [
                [
                    1.0
                ]
            ],
            [
                [
                    1.0
                ]
            ]
        ],
        "mean": [
            [
                [
                    0.4659601610689848
                ]
            ],
            [
                [
                    0.47813478541156057
                ]
            ],
            [
                [
                    0.49292257298687725
                ]
            ]
        ],
        "std": [
            [
                [
                    0.0022930060979899115
                ]
            ],
            [
                [
                    0.002322517020227039
                ]
            ],
            [
                [
                    0.0026570963096446336
                ]
            ]
        ],
        "count": [
            6400
        ],
        "q01": [
            [
                [
                    0.011003800979339801
                ]
            ],
            [
                [
                    0.07469075280027813
                ]
            ],
            [
                [
                    0.07618038739545603
                ]
            ]
        ],
        "q10": [
            [
                [
                    0.09503785341743445
                ]
            ],
            [
                [
                    0.15930298338403565
                ]
            ],
            [
                [
                    0.1669832642633018
                ]
            ]
        ],
        "q50": [
            [
                [
                    0.41961906959017303
                ]
            ],
            [
                [
                    0.48679523978526795
                ]
            ],
            [
                [
                    0.43287911065042584
                ]
            ]
        ],
        "q90": [
            [
                [
                    0.8657441345909924
                ]
            ],
            [
                [
                    0.8631462044613208
                ]
            ],
            [
                [
                    0.8714463362048518
                ]
            ]
        ],
        "q99": [
            [
                [
                    0.916314303322412
                ]
            ],
            [
                [
                    0.9121185820125255
                ]
            ],
            [
                [
                    0.9155276559062117
                ]
            ]
        ]
    },
    "action": {
        "min": [
            -0.6509926319122314,
            0.005250643938779831,
            -1.3196909427642822,
            -0.35357242822647095,
            -0.01671135239303112,
            -0.4619694650173187,
            0.033799998462200165
        ],
        "max": [
            0.3693941533565521,
            2.119358777999878,
            -0.0026514879427850246,
            0.15041960775852203,
            0.795742928981781,
            0.367440402507782,
            0.09950000047683716
        ],
        "mean": [
            -0.10180372894292267,
            1.2475490401249787,
            -0.7249861228734746,
            -0.02384502955986183,
            0.37803497711224965,
            -0.09426052457157624,
            0.08144492117514278
        ],
        "std": [
            0.29704012456350776,
            0.6622871835940065,
            0.4163528765210546,
            0.054934389337639486,
            0.16511266669141852,
            0.09947738143996245,
            0.02785470460550183
        ],
        "count": [
            9893
        ],
        "q01": [
            -0.4432821469282605,
            0.007169875727576832,
            -1.08062034888022,
            -0.07869140277384028,
            0.17612251339530305,
            -0.18028567202778603,
            0.03607342279676502
        ],