{
    "observation.state": {
        "min": [
            -0.14630283415317535,
            0.004744768142700195,
            -1.037412166595459,
            -0.00914065632969141,
            0.06773505359888077,
            -0.042720355093479156,
            0.09950000047683716
        ],
        "max": [
            -0.02243298478424549,
            1.5908230543136597,
            -0.0030875878874212503,
            0.08432429283857346,
            0.503364086151123,
            -0.017932431772351265,
            0.09950000047683716
        ],
        "mean": [
            -0.06987753510475159,
            0.9745360612869263,
            -0.8455444574356079,
            0.010363378562033176,
            0.28982415795326233,
            -0.03633171692490578,
            0.09949992597103119
        ],
        "std": [
            0.05709278956055641,
            0.5369017720222473,
            0.34917452931404114,
            0.023946275934576988,
            0.14801658689975739,
            0.010162771679461002,
            7.475249731214717e-05
        ],
        "count": [
            170
        ],
        "q01": [
            -0.14630283425317536,
            0.004744768042700196,
            -1.037412166695459,
            -0.00914065642969141,
            0.06773505349888077,
            -0.04272035519347916,
            0.09950000047683756
        ],
        "q10": [
            -0.14630283425317536,
            0.006628236007765711,
            -1.037412166695459,
            -1.6526798492377288e-05,
            0.06773505349888077,
            -0.04272035519347916,
            0.09950000047684116
        ],
        "q50": [
            -0.022454919970106645,
            0.9433721059319352,
            -1.037412166695459,
            -5.473552306217545e-06,
            0.310816053774632,
            -0.04272035519347916,
            0.09950000047685716
        ],
        "q90": [
            -0.02243737174141772,
            1.5905885906669788,
            -0.110243614162294,
            0.05660881995257064,
            0.46581286362787977,
            -0.018543536613558804,
            0.09950000047687316
        ],
        "q99": [
            -0.022433423389962712,
            1.5907996080389917,
            -0.0031168936504903074,
            0.08431370024431172,
            0.5033147149607444,
            -0.017933079971889507,
            0.09950000047687675
        ]
    },
    "action": {
        "min": [
            -0.14630283415317535,
            0.004744768142700195,
            -1.037412166595459,
            -0.00914065632969141,
            0.06773505359888077,
            -0.042720355093479156,
            0.09950000047683716
        ],
        "max": [
            -0.02243298478424549,
            1.5908230543136597,
            -0.0030875878874212503,
            0.08432429283857346,
            0.503364086151123,
            -0.017932431772351265,
            0.09950000047683716
        ],
        "mean": [
            -0.07060617953538895,
            0.9838563799858093,
            -0.8516287207603455,
            0.01073924545198679,
            0.28828004002571106,
            -0.03634731471538544,
            0.09949992597103119
        ],
        "std": [
            0.05727279931306839,
            0.5337575078010559,
            0.3434056341648102,
            0.024137891829013824,
            0.14895324409008026,
            0.010136522352695465,
            7.475249731214717e-05
        ],
        "count": [
            170
        ],
        "q01": [
            -0.14630283425317536,
            0.004744768042700196,
            -1.037412166695459,
            -0.00914065642969141,
            0.06773505349888077,
            -0.04272035519347916,
            0.09950000047683756
        ],
        "q10": [
            -0.14630283425317536,
            0.006648061986345348,
            -1.037412166695459,
            -1.6364250754345525e-05,
            0.06773505349888077,
            -0.04272035519347916,
            0.09950000047684116
        ],
        "q50": [
            -0.02245515086785255,
            0.9433858979170341,
            -1.037412166695459,
            -5.311004568185782e-06,
            0.30785377635191674,
            -0.04272035519347916,
            0.09950000047685716
        ],
        "q90": [
            -0.0224374179209669,
            1.590598359989757,
            -0.13879097254015582,
            0.05660881995257064,
            0.46581286362787977,
            -0.01854386711920575,
            0.09950000047687316
        ],
        "q99": [
            -0.02243342800791763,
            1.5908005849712694,
            -0.003119557819860222,
            0.08431370024431172,
            0.5033147149607444,
            -0.01793313399685103,
            0.09950000047687675
        ]
    },
    "observation.images.wrist_rgb": {
        "min": [
            [
                [
                    0.0
                ]
            ],
            [
                [
                    0.00784313725490196
                ]
            ],
            [
                [
                    0.0
                ]
            ]
        ],
        "max": [
            [
                [
                    1.0
                ]
            ],
            [
                [
                    1.0
                ]
            ],
            [
                [
                    1.0
                ]
            ]
        ],
        "mean": [
            [
                [
                    0.3578549244281046
                ]
            ],
            [
                [
                    0.3942137030228758
                ]
            ],
            [
                [
                    0.36018939542483663
                ]
            ]
        ],
        "std": [
            [
                [
                    0.0
                ]
            ],
            [
                [
                    0.0
                ]
            ],
            [
                [
                    0.0
                ]
            ]
        ],
        "count": [
            100
        ],
        "q01": [
            [
                [
                    0.07449197969509773
                ]
            ],
            [
                [
                    0.11771440937320019
                ]
            ],
            [
                [
                    0.10191437030258005
                ]
            ]
        ],
        "q10": [
            [
                [
                    0.1451494616078529
                ]
            ],
            [
                [
                    0.18031559121089205
                ]
            ],
            [
                [
                    0.16479877609764923
                ]
            ]
        ],
        "q50": [
            [
                [
                    0.3137457577718746
                ]
            ],
            [
                [
                    0.3451104359454298
                ]
            ],
            [
                [
                    0.3333493990179834
                ]
            ]
        ],
        "q90": [
            [
                [
                    0.6352468804160506
                ]
            ],
            [
                [
                    0.7294086880954681
                ]
            ],
            [
                [
                    0.5921643896977207
                ]
            ]
        ],
        "q99": [
            [
                [
                    0.9843834706770715
                ]
            ],
            [
                [
                    0.992246783766734
                ]
            ],
            [
                [
                    0.9725272147654712
                ]
            ]
        ]
    },