{
  "source": "continuous_record_today",
  "created_at": "2026-05-14T09:17:00.653594",
  "mode": "pick_place",
  "open_gripper": 0.1,
  "close_gripper": 0.0,
  "notes": "Auto-extracted from 945-frame continuous recording (pick_place)",
  "start_pose": [
    -0.011879364028573036,
    0.0,
    -0.0026514879427850246,
    0.0,
    0.3147944211959839,
    -0.1483437716960907,
    0.0
  ],
  "pre_grasp_pose": [
    -0.0980876088142395,
    1.313690185546875,
    -0.8067501187324524,
    -0.100494883954525,
    0.02321796491742134,
    -0.17377713322639465,
    0.0
  ],
  "approach_pose": [
    -0.13006246089935303,
    1.56362783908844,
    -0.8067501187324524,
    -0.07701525837182999,
    -0.37305739521980286,
    -0.1930178552865982,
    0.09950000047683716
  ],
  "close_gripper_pose": [
    -0.13006246089935303,
    1.56362783908844,
    -0.8067501187324524,
    -0.07701525837182999,
    -0.37305739521980286,
    -0.1930178552865982,
    0.052400000393390656
  ],
  "lift_pose": [
    -0.04010375589132309,
    1.3640685081481934,
    -0.9963838458061218,
    -0.06599064916372299,
    0.045406732708215714,
    -0.13524332642555237,
    0.051899999380111694
  ],
  "place_pre_pose": [
    0.011076940223574638,
    1.3389490842819214,
    -1.0985532999038696,
    -0.059588704258203506,
    0.13219062983989716,
    -0.0682409256696701,
    0.051500000059604645
  ],
  "place_pose": [
    0.4204876124858856,
    1.5322984457015991,
    -0.8403646945953369,
    -0.04777911677956581,
    -0.40133410692214966,
    -0.13007991015911102,
    0.05079999938607216
  ],
  "release_pose": [
    0.4204876124858856,
    1.5322984457015991,
    -0.8403646945953369,
    0.0,
    -0.4267849028110504,
    -0.13007991015911102,
    0.09059999883174896
  ],
  "retreat_pose": [
    0.4204876124858856,
    1.5322984457015991,
    -0.8403646945953369,
    0.009559311904013157,
    -0.42880842089653015,
    -0.13997066020965576,
    0.09220000356435776
  ],
  "home_pose": [
    -0.04183071106672287,
    0.005372751969844103,
    -0.004291223827749491,
    -0.0918601006269455,
    0.29298943281173706,
    0.052157558500766754,
    0.0
  ],
  "source_frames": {
    "start": 0,
    "pre_grasp": 209,
    "approach": 286,
    "close_gripper": 314,
    "lift": 349,
    "place_pre": 364,
    "place": 537,
    "release": 553,
    "retreat": 558,
    "home": 940,
    "gripper_open_start": 214,
    "gripper_close_start": 303,
    "gripper_close_end": 314,
    "gripper_release_start": 545,
    "total_frames": 945
  }
}
