{
  "source": "continuous_record_today",
  "source_file": "bottle_grasp_waypoints_today.json",
  "saved_at": "2026-05-13T17:00:52.980363",
  "version": "bottle_grasp_waypoints_success_v1",
  "open_gripper": 0.1,
  "close_gripper": 0.0,
  "notes": "Auto-extracted from 579-frame continuous recording",
  "start_pose": [
    -0.02770107239484787,
    0.002825927920639515,
    -0.0032271400559693575,
    -0.03956299275159836,
    0.3280518651008606,
    0.0941801592707634,
    0.0
  ],
  "pre_grasp_pose": [
    -0.09690141677856445,
    1.4333211183547974,
    -1.0754400491714478,
    -0.19059313833713531,
    0.3207951486110687,
    0.053570523858070374,
    0.0
  ],
  "approach_pose": [
    -0.09690141677856445,
    1.4333211183547974,
    -1.0754400491714478,
    -0.19059313833713531,
    0.3207951486110687,
    0.053570523858070374,
    0.01360000018030405
  ],
  "close_gripper_pose": [
    -0.10701894015073776,
    1.6113371849060059,
    -1.1300746202468872,
    -0.2956583499908447,
    0.25403696298599243,
    0.053570523858070374,
    0.05040000006556511
  ],
  "lift_pose": [
    -0.07108429819345474,
    1.4280006885528564,
    -1.2331511974334717,
    -0.2956932485103607,
    0.4528462290763855,
    0.08331254124641418,
    0.04960000142455101
  ],
  "source_frames": {
    "start": 0,
    "pre_grasp": 325,
    "approach": 330,
    "close_gripper": 416,
    "lift": 476,
    "gripper_open_start": 330,
    "gripper_close_start": 347,
    "gripper_close_end": 416,
    "total_frames": 579
  }
}
