{
  "source": "continuous_record_today",
  "created_at": "2026-05-14T09:25:41.349249",
  "mode": "pick_place",
  "open_gripper": 0.1,
  "close_gripper": 0.0,
  "notes": "Auto-extracted from 916-frame continuous recording (pick_place)",
  "start_pose": [
    0.010344292037189007,
    -0.002302607987076044,
    0.004273780155926943,
    0.005407639779150486,
    0.3007868826389313,
    -0.03577764332294464,
    0.0
  ],
  "pre_grasp_pose": [
    -0.12095669656991959,
    1.2783311605453491,
    -0.6257686018943787,
    -0.1687532514333725,
    -0.22382396459579468,
    0.04779655858874321,
    0.0008999999845400453
  ],
  "approach_pose": [
    -0.12095669656991959,
    1.5811415910720825,
    -0.7332760095596313,
    -0.016763683408498764,
    -0.5300882458686829,
    -0.08697578310966492,
    0.09549999982118607
  ],
  "close_gripper_pose": [
    -0.12095669656991959,
    1.5811415910720825,
    -0.7332760095596313,
    -0.016763683408498764,
    -0.5321640968322754,
    -0.08872018754482269,
    0.05040000006556511
  ],
  "lift_pose": [
    -0.008721999824047089,
    1.3610506057739258,
    -0.8447954654693604,
    -0.016763683408498764,
    -0.3043629229068756,
    -0.09616877138614655,
    0.04879999905824661
  ],
  "place_pre_pose": [
    -0.008721999824047089,
    1.3610506057739258,
    -0.8447954654693604,
    -0.016763683408498764,
    -0.2903728187084198,
    -0.09616877138614655,
    0.04859999939799309
  ],
  "place_pose": [
    0.44382768869400024,
    1.6428759098052979,
    -0.9217409491539001,
    -0.016763683408498764,
    -0.35744500160217285,
    -0.09616877138614655,
    0.048500001430511475
  ],
  "release_pose": [
    0.44382768869400024,
    1.6279089450836182,
    -0.9217409491539001,
    0.022659756243228912,
    -0.38024431467056274,
    -0.11054262518882751,
    0.09099999815225601
  ],
  "retreat_pose": [
    0.44382768869400024,
    1.622047781944275,
    -0.9217409491539001,
    0.034486789256334305,
    -0.38024431467056274,
    -0.11110083758831024,
    0.09870000183582306
  ],
  "home_pose": [
    -0.0270730871707201,
    0.006105400156229734,
    -0.004134227987378836,
    0.0054774158634245396,
    0.3038395941257477,
    -0.02196199633181095,
    0.0
  ],
  "source_frames": {
    "start": 0,
    "pre_grasp": 270,
    "approach": 368,
    "close_gripper": 398,
    "lift": 473,
    "place_pre": 478,
    "place": 566,
    "release": 613,
    "retreat": 618,
    "home": 911,
    "gripper_open_start": 275,
    "gripper_close_start": 384,
    "gripper_close_end": 398,
    "gripper_release_start": 606,
    "total_frames": 916
  }
}
