{
  "source": "continuous_record_today",
  "created_at": "2026-05-14T09:35:39.221753",
  "mode": "pick_place",
  "open_gripper": 0.1,
  "close_gripper": 0.0,
  "notes": "Auto-extracted from 971-frame continuous recording (pick_place)",
  "start_pose": [
    -0.026305552572011948,
    -0.001395520055666566,
    -0.0011338599724695086,
    0.00739625608548522,
    0.32936015725135803,
    -0.020688584074378014,
    0.0
  ],
  "pre_grasp_pose": [
    -0.10696660727262497,
    1.1456869840621948,
    -0.5056666731834412,
    0.1680031567811966,
    -0.3531014621257782,
    -0.27580708265304565,
    0.00039999998989515007
  ],
  "approach_pose": [
    -0.10696660727262497,
    1.5444568395614624,
    -0.7269263863563538,
    0.1680031567811966,
    -0.5146677494049072,
    -0.2432216852903366,
    0.09950000047683716
  ],
  "close_gripper_pose": [
    -0.10696660727262497,
    1.5444568395614624,
    -0.7269263863563538,
    0.1680031567811966,
    -0.5056841373443604,
    -0.2432216852903366,
    0.05079999938607216
  ],
  "lift_pose": [
    0.02368895150721073,
    1.429745078086853,
    -0.7729436159133911,
    0.1680031567811966,
    -0.5074808597564697,
    -0.24507075548171997,
    0.05079999938607216
  ],
  "place_pre_pose": [
    0.031207315623760223,
    1.4048874378204346,
    -0.7930914759635925,
    0.1680031567811966,
    -0.5074808597564697,
    -0.24507075548171997,
    0.05079999938607216
  ],
  "place_pose": [
    0.48703646659851074,
    1.5801995992660522,
    -0.7587093114852905,
    0.20747894048690796,
    -0.6496843099594116,
    -0.2792958915233612,
    0.04960000142455101
  ],
  "release_pose": [
    0.48703646659851074,
    1.5801995992660522,
    -0.7587093114852905,
    0.2810751795768738,
    -0.7045457363128662,
    -0.2925184369087219,
    0.09870000183582306
  ],
  "retreat_pose": [
    0.48703646659851074,
    1.5801995992660522,
    -0.7587093114852905,
    0.2827149033546448,
    -0.7085403800010681,
    -0.29466405510902405,
    0.09950000047683716
  ],
  "home_pose": [
    0.012524791993200779,
    0.00661127595230937,
    -0.004151672124862671,
    0.005442528054118156,
    0.32836586236953735,
    -0.06728150695562363,
    0.00039999998989515007
  ],
  "source_frames": {
    "start": 0,
    "pre_grasp": 246,
    "approach": 349,
    "close_gripper": 387,
    "lift": 433,
    "place_pre": 441,
    "place": 567,
    "release": 604,
    "retreat": 609,
    "home": 966,
    "gripper_open_start": 251,
    "gripper_close_start": 376,
    "gripper_close_end": 387,
    "gripper_release_start": 597,
    "total_frames": 971
  },
  "warnings": [
    "lift too close to close_gripper (delta=0.131 rad)"
  ]
}
