{
  "source": "continuous_record_today",
  "created_at": "2026-05-13T15:02:30.997073",
  "open_gripper": 0.08,
  "close_gripper": 0.0,
  "notes": "Auto-extracted from 471-frame continuous recording",
  "start_pose": [
    -0.017775436863303185,
    0.005023872014135122,
    -0.0038551241159439087,
    -0.1153397262096405,
    0.33621564507484436,
    0.15804263949394226,
    0.0
  ],
  "pre_grasp_pose": [
    -0.009280207566916943,
    1.1718530654907227,
    -0.9406851530075073,
    -0.11970072984695435,
    0.334192156791687,
    0.11319411545991898,
    0.0
  ],
  "approach_pose": [
    -0.009280207566916943,
    1.2788196802139282,
    -1.0514371395111084,
    -0.13949966430664062,
    0.4278140962123871,
    0.11319411545991898,
    0.09950000047683716
  ],
  "close_gripper_pose": [
    -0.009280207566916943,
    1.2788196802139282,
    -1.0514371395111084,
    -0.1475064605474472,
    0.4262964725494385,
    0.11319411545991898,
    0.09950000047683716
  ],
  "lift_pose": [
    0.3053921163082123,
    1.5423287153244019,
    -1.2466354370117188,
    -0.18260379135608673,
    0.20193174481391907,
    0.14263959228992462,
    0.0
  ],
  "source_frames": {
    "start": 0,
    "pre_grasp": 118,
    "approach": 142,
    "close_gripper": 147,
    "lift": 425,
    "gripper_open_start": 128,
    "gripper_close_start": 142,
    "gripper_close_end": 385,
    "total_frames": 471
  }
}
