{
  "source": "continuous_record_today",
  "created_at": "2026-05-14T09:09:44.800441",
  "mode": "pick_place",
  "open_gripper": 0.1,
  "close_gripper": 0.0,
  "notes": "Auto-extracted from 1005-frame continuous recording (pick_place)",
  "start_pose": [
    -0.008338231593370438,
    -0.004012119956314564,
    -0.0026514879427850246,
    -0.04779655858874321,
    0.32909849286079407,
    0.007099708076566458,
    0.0
  ],
  "pre_grasp_pose": [
    -0.09738985449075699,
    1.380064606666565,
    -0.9572743773460388,
    -0.16695652902126312,
    0.24587318301200867,
    0.0,
    0.0
  ],
  "approach_pose": [
    -0.11528739333152771,
    1.5492191314697266,
    -0.9453427195549011,
    -0.19495414197444916,
    0.0,
    0.09629087895154953,
    0.09950000047683716
  ],
  "close_gripper_pose": [
    -0.11528739333152771,
    1.5492191314697266,
    -0.9453427195549011,
    -0.19495414197444916,
    -0.00757069606333971,
    0.09629087895154953,
    0.05079999938607216
  ],
  "lift_pose": [
    0.0713634043931961,
    0.01585659570991993,
    -0.14157550036907196,
    -0.11834009736776352,
    0.17140474915504456,
    0.0,
    0.0
  ],
  "place_pre_pose": [
    0.015612379647791386,
    0.008024239912629128,
    -0.05133769288659096,
    -0.0713808462023735,
    0.11007163673639297,
    -0.03891756385564804,
    0.0
  ],
  "place_pose": [
    -0.044534530490636826,
    0.005756520200520754,
    -0.0032096959184855223,
    -0.00989074818789959,
    0.27732470631599426,
    -0.10553620010614395,
    0.0
  ],
  "release_pose": [
    -0.044534530490636826,
    0.005756520200520754,
    -0.0032096959184855223,
    -0.033946022391319275,
    0.28452908992767334,
    -0.10553620010614395,
    0.0
  ],
  "retreat_pose": [
    -0.044534530490636826,
    0.005756520200520754,
    -0.0032096959184855223,
    -0.033946022391319275,
    0.28452908992767334,
    -0.10553620010614395,
    0.0
  ],
  "home_pose": [
    -0.044534530490636826,
    0.005756520200520754,
    -0.0032096959184855223,
    -0.033946022391319275,
    0.28452908992767334,
    -0.10553620010614395,
    0.0
  ],
  "source_frames": {
    "start": 0,
    "pre_grasp": 232,
    "approach": 337,
    "close_gripper": 367,
    "lift": 880,
    "place_pre": 890,
    "place": 942,
    "release": 1002,
    "retreat": 1003,
    "home": 1004,
    "gripper_open_start": 237,
    "gripper_close_start": 353,
    "gripper_close_end": 367,
    "gripper_release_start": 1004,
    "total_frames": 1005
  },
  "warnings": [
    "release detected very late; make sure to open gripper during recording"
  ]
}
