{
  "start_pose": [
    0.010047744028270245,
    0.00791957601904869,
    -0.0029305920470505953,
    0.010919944383203983,
    0.3262900114059448,
    -0.04324367642402649,
    0.0
  ],
  "pre_grasp_pose": [
    0.010047744028270245,
    1.0425755977630615,
    -1.0147349834442139,
    -0.27352192997932434,
    0.6413984298706055,
    0.0,
    0.0
  ],
  "approach_pose": [
    -0.00832078792154789,
    1.267167091369629,
    -1.0196541547775269,
    -0.2873899042606354,
    0.37146997451782227,
    0.02267719991505146,
    0.08190000057220459
  ],
  "close_gripper_pose": [
    -0.09742473810911179,
    1.625937819480896,
    -1.1427738666534424,
    -0.3246851861476898,
    0.23802338540554047,
    0.04652314633131027,
    0.0812000036239624
  ],
  "lift_pose": [
    0.3579334318637848,
    1.411690592765808,
    -1.120672345161438,
    -0.12334652245044708,
    0.41806289553642273,
    -0.015437940135598183,
    0.0
  ],
  "open_gripper": 0.08190000057220459,
  "close_gripper": 0.0,
  "source_episode": 12,
  "source_frames": {
    "start": 0,
    "pre_grasp": 70,
    "approach": 90,
    "close_gripper": 118,
    "lift": 243
  },
  "_gripper_stats": {
    "min": 0.0,
    "max": 0.08190000057220459,
    "first": 0.0,
    "last": 0.0
  }
}
