{
  "source": "continuous_record_today",
  "created_at": "2026-05-13T15:08:15.929254",
  "open_gripper": 0.08,
  "close_gripper": 0.0,
  "notes": "Auto-extracted from 750-frame continuous recording",
  "start_pose": [
    -0.009733752347528934,
    -0.002634044038131833,
    -0.0009594199946150184,
    -0.03364947438240051,
    0.3297090530395508,
    0.060862116515636444,
    0.0
  ],
  "pre_grasp_pose": [
    0.04263313487172127,
    1.6051270961761475,
    -1.901570439338684,
    -0.21552062034606934,
    1.1508679389953613,
    -0.07035165280103683,
    0.0
  ],
  "approach_pose": [
    0.39676377177238464,
    1.7341952323913574,
    -1.6880558729171753,
    -0.25689777731895447,
    0.7620760202407837,
    0.009855859912931919,
    0.09950000047683716
  ],
  "close_gripper_pose": [
    0.39676377177238464,
    1.7341952323913574,
    -1.6880558729171753,
    -0.2792958915233612,
    0.753423810005188,
    0.05351819097995758,
    0.0568000003695488
  ],
  "lift_pose": [
    0.39676377177238464,
    1.7341952323913574,
    -1.6880558729171753,
    -0.2792958915233612,
    0.753423810005188,
    0.05351819097995758,
    0.0
  ],
  "source_frames": {
    "start": 0,
    "pre_grasp": 280,
    "approach": 652,
    "close_gripper": 683,
    "lift": 732,
    "gripper_open_start": 290,
    "gripper_close_start": 678,
    "gripper_close_end": 692,
    "total_frames": 750
  }
}
