{
  "source": "continuous_record_today",
  "created_at": "2026-05-13T15:55:33.462229",
  "open_gripper": 0.08,
  "close_gripper": 0.0,
  "notes": "Auto-extracted from 494-frame continuous recording",
  "start_pose": [
    -0.07856777310371399,
    -0.002215387998148799,
    -0.0024072721134871244,
    0.0636182650923729,
    0.33384326100349426,
    -0.042563360184431076,
    0.0
  ],
  "pre_grasp_pose": [
    -0.13749361038208008,
    1.3839197158813477,
    -1.0152058601379395,
    -0.04973284527659416,
    0.29005882143974304,
    -0.12193355709314346,
    0.0
  ],
  "approach_pose": [
    -0.13831347227096558,
    1.3839197158813477,
    -1.0152058601379395,
    -0.062030863016843796,
    0.29005882143974304,
    -0.12193355709314346,
    0.09889999777078629
  ],
  "close_gripper_pose": [
    -0.13831347227096558,
    1.3839197158813477,
    -1.0152058601379395,
    -0.062030863016843796,
    0.29005882143974304,
    -0.12193355709314346,
    0.09939999878406525
  ],
  "lift_pose": [
    -0.14464564621448517,
    1.381442666053772,
    -1.0316555500030518,
    -0.04875598102807999,
    0.1835632175207138,
    -0.12193355709314346,
    0.04960000142455101
  ],
  "source_frames": {
    "start": 0,
    "pre_grasp": 259,
    "approach": 278,
    "close_gripper": 284,
    "lift": 403,
    "gripper_open_start": 264,
    "gripper_close_start": 281,
    "gripper_close_end": 284,
    "total_frames": 494
  },
  "warnings": [
    "lift pose is too close to close_gripper pose (max arm delta=0.106 rad)"
  ]
}
