{
  "source": "continuous_record_today",
  "created_at": "2026-05-13T15:45:32.247525",
  "open_gripper": 0.08,
  "close_gripper": 0.0,
  "notes": "Auto-extracted from 522-frame continuous recording",
  "start_pose": [
    -0.06900846213102341,
    -0.0016571800224483013,
    -0.0017444000113755465,
    0.05016894266009331,
    0.33140110969543457,
    -0.020496699959039688,
    0.0
  ],
  "pre_grasp_pose": [
    -0.06154243275523186,
    1.4519164562225342,
    -1.0856622457504272,
    -0.19111646711826324,
    0.4694005846977234,
    0.008721999824047089,
    0.0
  ],
  "approach_pose": [
    -0.06154243275523186,
    1.4519164562225342,
    -1.0856622457504272,
    -0.19111646711826324,
    0.4694005846977234,
    0.008721999824047089,
    0.013799999840557575
  ],
  "close_gripper_pose": [
    -0.061978530138731,
    1.4519164562225342,
    -1.0856622457504272,
    -0.19111646711826324,
    0.41002121567726135,
    0.008721999824047089,
    0.09950000047683716
  ],
  "lift_pose": [
    0.04811055213212967,
    1.440473198890686,
    -1.2585322856903076,
    -0.1670960783958435,
    0.4919033646583557,
    0.07045631855726242,
    0.0494999997317791
  ],
  "source_frames": {
    "start": 0,
    "pre_grasp": 239,
    "approach": 244,
    "close_gripper": 264,
    "lift": 521,
    "gripper_open_start": 244,
    "gripper_close_start": 259,
    "gripper_close_end": 521,
    "total_frames": 522
  },
  "warnings": [
    "gripper did not finish closing before recording ended; record close + lift for longer"
  ]
}
