{
  "source": "continuous_record_today",
  "created_at": "2026-05-13T15:58:25.051256",
  "open_gripper": 0.08,
  "close_gripper": 0.0,
  "notes": "Auto-extracted from 531-frame continuous recording",
  "start_pose": [
    -0.03930133208632469,
    0.0004361000028438866,
    -0.0026863759849220514,
    -0.04055729880928993,
    0.32852286100387573,
    0.05241921916604042,
    0.0
  ],
  "pre_grasp_pose": [
    -0.06539755314588547,
    1.393548846244812,
    -0.9675837755203247,
    -0.16756705939769745,
    0.24580340087413788,
    0.0298117958009243,
    0.0
  ],
  "approach_pose": [
    -0.14269192516803741,
    1.5557082891464233,
    -0.9675837755203247,
    -0.19395983219146729,
    0.0,
    0.008844108320772648,
    0.09939999878406525
  ],
  "close_gripper_pose": [
    -0.14269192516803741,
    1.5557082891464233,
    -0.9675837755203247,
    -0.19395983219146729,
    0.0,
    0.008844108320772648,
    0.052000001072883606
  ],
  "lift_pose": [
    -0.05510559678077698,
    1.3980493545532227,
    -1.009658694267273,
    -0.19791962206363678,
    0.09526168555021286,
    0.008844108320772648,
    0.05079999938607216
  ],
  "source_frames": {
    "start": 0,
    "pre_grasp": 208,
    "approach": 268,
    "close_gripper": 280,
    "lift": 367,
    "gripper_open_start": 213,
    "gripper_close_start": 269,
    "gripper_close_end": 280,
    "total_frames": 531
  }
}
