{
  "source": "manual_record_today",
  "created_at": "2026-05-13T14:42:28.329004",
  "open_gripper": 0.08,
  "close_gripper": 0.0,
  "start_pose": [
    0.008303344,
    -0.002337496,
    -0.001796732,
    0.010239628,
    0.328016976,
    -0.122003336,
    0.0
  ],
  "pre_grasp_pose": [
    0.008303344,
    1.6122617000000001,
    -1.5967016520000001,
    -0.228882724,
    0.952041188,
    0.049610736,
    0.0
  ],
  "approach_pose": [
    -0.04605216,
    1.781451056,
    -1.520715588,
    -0.21705569200000002,
    0.802057676,
    0.05023872,
    0.0994
  ],
  "close_gripper_pose": [
    -0.04605216,
    1.781451056,
    -1.520715588,
    -0.20718238800000002,
    0.8116344320000001,
    0.08320788000000001,
    0.0508
  ],
  "lift_pose": [
    0.32765065200000004,
    1.735538448,
    -1.520715588,
    -0.061647096000000005,
    0.829409868,
    0.26174722,
    0.0508
  ]
}
