{
  "source": "continuous_record_today",
  "created_at": "2026-05-13T15:15:09.572756",
  "open_gripper": 0.08,
  "close_gripper": 0.0,
  "notes": "Auto-extracted from 455-frame continuous recording",
  "start_pose": [
    0.006855492014437914,
    0.0,
    -0.0023200518917292356,
    -0.034887999296188354,
    0.3285751938819885,
    0.036597512662410736,
    0.0
  ],
  "pre_grasp_pose": [
    -0.09744218736886978,
    1.3965317010879517,
    -1.0102866888046265,
    -0.19722186028957367,
    0.24604761600494385,
    0.1319464147090912,
    0.0
  ],
  "approach_pose": [
    -0.09744218736886978,
    1.3965317010879517,
    -1.0102866888046265,
    -0.22005605697631836,
    0.2456289678812027,
    0.1319464147090912,
    0.09950000047683716
  ],
  "close_gripper_pose": [
    -0.09744218736886978,
    1.3965317010879517,
    -1.0102866888046265,
    -0.22005605697631836,
    0.2456289678812027,
    0.1319464147090912,
    0.09939999878406525
  ],
  "lift_pose": [
    -0.043522778898477554,
    1.4468576908111572,
    -1.129394292831421,
    -0.19757074117660522,
    0.2245042771100998,
    0.13590620458126068,
    0.0494999997317791
  ],
  "source_frames": {
    "start": 0,
    "pre_grasp": 219,
    "approach": 244,
    "close_gripper": 249,
    "lift": 454,
    "gripper_open_start": 229,
    "gripper_close_start": 244,
    "gripper_close_end": 454,
    "total_frames": 455
  }
}
