{
  "source": "continuous_record_today",
  "created_at": "2026-05-13T15:10:45.479955",
  "open_gripper": 0.08,
  "close_gripper": 0.0,
  "notes": "Auto-extracted from 834-frame continuous recording",
  "start_pose": [
    0.02182244323194027,
    -0.001308299950323999,
    -0.0011687480146065354,
    -0.040923625230789185,
    0.3310871124267578,
    -0.009611643850803375,
    0.0
  ],
  "pre_grasp_pose": [
    0.02182244323194027,
    1.5310598611831665,
    -1.8041456937789917,
    -0.18617981672286987,
    1.0904419422149658,
    -0.043278563767671585,
    0.0
  ],
  "approach_pose": [
    0.02182244323194027,
    1.5328741073608398,
    -1.8041456937789917,
    -0.19790217280387878,
    1.0840049982070923,
    -0.06719429045915604,
    0.09950000047683716
  ],
  "close_gripper_pose": [
    0.02182244323194027,
    1.5328741073608398,
    -1.8041456937789917,
    -0.19790217280387878,
    1.0840049982070923,
    -0.06719429045915604,
    0.09939999878406525
  ],
  "lift_pose": [
    0.4268372356891632,
    1.818833589553833,
    -1.9808883666992188,
    -0.28932619094848633,
    1.117392897605896,
    0.02684631571173668,
    0.0
  ],
  "source_frames": {
    "start": 0,
    "pre_grasp": 180,
    "approach": 221,
    "close_gripper": 226,
    "lift": 743,
    "gripper_open_start": 190,
    "gripper_close_start": 221,
    "gripper_close_end": 703,
    "total_frames": 834
  }
}
