{
  "source": "continuous_record_today",
  "created_at": "2026-05-14T09:05:35.833481",
  "mode": "pick_place",
  "open_gripper": 0.1,
  "close_gripper": 0.0,
  "notes": "Auto-extracted from 713-frame continuous recording (pick_place)",
  "start_pose": [
    -0.0046575479209423065,
    -0.0014129639603197575,
    -0.0035236880648881197,
    -0.009524423629045486,
    0.31760290265083313,
    -0.018473196774721146,
    0.0
  ],
  "pre_grasp_pose": [
    -0.0068031600676476955,
    1.4131733179092407,
    -1.061729073524475,
    -0.19664621353149414,
    0.37930232286453247,
    -0.06019924581050873,
    0.0
  ],
  "approach_pose": [
    -0.06639186292886734,
    1.59438157081604,
    -1.061729073524475,
    -0.2505132853984833,
    0.19589611887931824,
    0.007274148054420948,
    0.09950000047683716
  ],
  "close_gripper_pose": [
    -0.06639186292886734,
    1.59438157081604,
    -1.061729073524475,
    -0.25234490633010864,
    0.19589611887931824,
    0.007274148054420948,
    0.0502999983727932
  ],
  "lift_pose": [
    0.3540259897708893,
    1.4403162002563477,
    -1.2557063102722168,
    -0.13053345680236816,
    0.47763416171073914,
    0.028206948190927505,
    0.048500001430511475
  ],
  "place_pre_pose": [
    0.47819235920906067,
    1.5221633911132812,
    -1.2557063102722168,
    -0.12652133405208588,
    0.38329702615737915,
    0.028206948190927505,
    0.048500001430511475
  ],
  "place_pose": [
    0.47819235920906067,
    1.5224599838256836,
    -1.2557063102722168,
    -0.12652133405208588,
    0.38329702615737915,
    0.028206948190927505,
    0.048500001430511475
  ],
  "release_pose": [
    0.47819235920906067,
    1.5224599838256836,
    -1.2557063102722168,
    -0.12652133405208588,
    0.38329702615737915,
    0.028206948190927505,
    0.06019999831914902
  ],
  "retreat_pose": [
    0.47819235920906067,
    1.5224599838256836,
    -1.2557063102722168,
    -0.12652133405208588,
    0.38329702615737915,
    0.028206948190927505,
    0.08910000324249268
  ],
  "home_pose": [
    0.47819235920906067,
    1.5224599838256836,
    -1.2557063102722168,
    -0.12652133405208588,
    0.3876928985118866,
    0.028206948190927505,
    0.09939999878406525
  ],
  "source_frames": {
    "start": 0,
    "pre_grasp": 277,
    "approach": 373,
    "close_gripper": 413,
    "lift": 542,
    "place_pre": 561,
    "place": 569,
    "release": 661,
    "retreat": 666,
    "home": 708,
    "gripper_open_start": 282,
    "gripper_close_start": 395,
    "gripper_close_end": 413,
    "gripper_release_start": 661,
    "total_frames": 713
  }
}
