{
  "source": "continuous_record_today",
  "created_at": "2026-05-13T15:48:33.052851",
  "open_gripper": 0.08,
  "close_gripper": 0.0,
  "notes": "Auto-extracted from 446-frame continuous recording",
  "start_pose": [
    -0.02166544832289219,
    0.0,
    -0.002459604060277343,
    0.010379180312156677,
    0.3318372070789337,
    0.0,
    0.0
  ],
  "pre_grasp_pose": [
    -0.02166544832289219,
    1.5041961669921875,
    -1.1899598836898804,
    -0.19017449021339417,
    0.5820016264915466,
    0.008617335930466652,
    0.0
  ],
  "approach_pose": [
    -0.02166544832289219,
    1.5041961669921875,
    -1.1899598836898804,
    -0.22621379792690277,
    0.5840251445770264,
    0.008617335930466652,
    0.04050000011920929
  ],
  "close_gripper_pose": [
    -0.02166544832289219,
    1.5041961669921875,
    -1.1899598836898804,
    -0.2526414394378662,
    0.5555565357208252,
    0.04584283381700516,
    0.09669999778270721
  ],
  "lift_pose": [
    0.002703819889575243,
    1.4916189908981323,
    -1.417133092880249,
    -0.2456464022397995,
    0.6352058053016663,
    0.112949900329113,
    0.04879999905824661
  ],
  "source_frames": {
    "start": 0,
    "pre_grasp": 216,
    "approach": 227,
    "close_gripper": 247,
    "lift": 445,
    "gripper_open_start": 221,
    "gripper_close_start": 242,
    "gripper_close_end": 445,
    "total_frames": 446
  },
  "warnings": [
    "gripper did not finish closing before recording ended; record close + lift for longer"
  ]
}
