{
  "source": "continuous_record_today",
  "created_at": "2026-05-14T09:37:45.465000",
  "mode": "pick_place",
  "open_gripper": 0.1,
  "close_gripper": 0.0,
  "notes": "Auto-extracted from 893-frame continuous recording (pick_place)",
  "start_pose": [
    0.0065414998680353165,
    0.0011861920356750488,
    -0.004430775996297598,
    -0.009001104161143303,
    0.3382042646408081,
    0.035655535757541656,
    0.0
  ],
  "pre_grasp_pose": [
    -0.09765151143074036,
    1.1601481437683105,
    -0.6088828444480896,
    0.06112377718091011,
    -0.20763593912124634,
    -0.13086488842964172,
    0.00039999998989515007
  ],
  "approach_pose": [
    -0.09765151143074036,
    1.61029052734375,
    -0.7760137915611267,
    0.13274884223937988,
    -0.5365948677062988,
    -0.1938028335571289,
    0.09950000047683716
  ],
  "close_gripper_pose": [
    -0.09765151143074036,
    1.61029052734375,
    -0.7760137915611267,
    0.13274884223937988,
    -0.5365948677062988,
    -0.1938028335571289,
    0.04879999905824661
  ],
  "lift_pose": [
    -0.09765151143074036,
    1.3264068365097046,
    -0.9122514128684998,
    0.13274884223937988,
    -0.2827323377132416,
    -0.21684636175632477,
    0.048500001430511475
  ],
  "place_pre_pose": [
    -0.09765151143074036,
    1.3179290294647217,
    -0.9323294758796692,
    0.13918568193912506,
    -0.22335296869277954,
    -0.2087000161409378,
    0.048500001430511475
  ],
  "place_pose": [
    0.49954381585121155,
    1.5598773956298828,
    -0.735944926738739,
    0.13918568193912506,
    -0.7021907567977905,
    -0.2087000161409378,
    0.048500001430511475
  ],
  "release_pose": [
    0.49954381585121155,
    1.5598773956298828,
    -0.735944926738739,
    0.22188767790794373,
    -0.7021907567977905,
    -0.22030027210712433,
    0.09719999879598618
  ],
  "retreat_pose": [
    0.49954381585121155,
    1.5598773956298828,
    -0.735944926738739,
    0.22188767790794373,
    -0.7021907567977905,
    -0.22427751123905182,
    0.09950000047683716
  ],
  "home_pose": [
    0.007431143894791603,
    0.006593831814825535,
    -0.004256336018443108,
    0.011792143806815147,
    0.3170272707939148,
    -0.01845575124025345,
    0.0003000000142492354
  ],
  "source_frames": {
    "start": 0,
    "pre_grasp": 255,
    "approach": 352,
    "close_gripper": 379,
    "lift": 436,
    "place_pre": 447,
    "place": 548,
    "release": 583,
    "retreat": 588,
    "home": 888,
    "gripper_open_start": 260,
    "gripper_close_start": 368,
    "gripper_close_end": 379,
    "gripper_release_start": 575,
    "total_frames": 893
  }
}
